{
    "parameterSets": {
        "basicbrick_2x4_normal": {
            "brick_height": "3",
            "nubs_cnt_x": "4",
            "nubs_cnt_y": "2",
            "nubs_on_top": "true",
            "text_on_top": "",
            "text_on_front": "",
            "text_on_back": "",
            "text_size_top": 7,
            "text_size_front": 7,
            "text_size_back": 7,
            "text_extrusion_factor": 1.0,
            "text_language": "de",
            "text_offset_y": 1.5,
            "keyring_diameter": 0,
            "strong_brick": false
        },
        "basicbrick_8x2_normal_text": {
            "brick_height": "3",
            "nubs_cnt_x": "8",
            "nubs_cnt_y": "2",
            "nubs_on_top": "false",
            "text_on_top": "Hello World",
            "text_on_front": "",
            "text_on_back": "",
            "text_size_top": 12,
            "text_size_front": 7,
            "text_size_back": 7,
            "text_extrusion_factor": 1.0,
            "text_language": "en",
            "text_offset_y": 1.5,
            "keyring_diameter": 0,
            "strong_brick": false
        },
        "basicbrick_8x2_text_front_back": {
            "brick_height": "3",
            "nubs_cnt_x": "8",
            "nubs_cnt_y": "2",
            "nubs_on_top": "true",
            "text_on_top": "",
            "text_on_front": "Front",
            "text_on_back": "Back",
            "text_size_top": 12,
            "text_size_front": 7,
            "text_size_back": 7,
            "text_extrusion_factor": 1.0,
            "text_language": "en",
            "text_offset_y": 1.5,
            "keyring_diameter": 0,
            "strong_brick": false
        },
        "basicbrick_8x2_plate": {
            "brick_height": "1",
            "nubs_cnt_x": "8",
            "nubs_cnt_y": "2",
            "nubs_on_top": "true",
            "text_on_front": "",
            "text_on_back": "",
            "text_size_top": 12,
            "text_size_front": 7,
            "text_size_back": 7,
            "text_extrusion_factor": 1.0,
            "text_language": "en",
            "text_offset_y": 1.5,
            "keyring_diameter": 0,
            "strong_brick": false
        }
    },
    "fileFormatVersion": "1"
}